424694,Bohemian Rhapsody
480530,Creed II
332562,A Star Is Born
504172,The Mule
450465,Glass
568709,Preman Pensiun
446807,The Girl in the Spider's Web
401469,Widows
405774,Bird Box
369972,First Man
505954,T-34
483906,Polar
429197,Vice
375262,The Favourite
426426,Roma
489999,Searching
484247,A Simple Favor
337167,Fifty Shades Freed
433249,IO
487558,BlacKkKlansman
440626,Sobibor
451915,Beautiful Boy
446021,Bad Times at the El Royale
462391,Aan Devathai
490132,Green Book
157336,Interstellar
438808,White Boy Rick
449459,The Vanishing
399360,Alpha
398173,The House That Jack Built
458594,Peppermint
340613,The Wife
447332,A Quiet Place
443055,Love of My Life
507076,Climax
400535,Sicario: Day of the Soldado
316029,The Greatest Showman
315635,Spider-Man: Homecoming
470044,The Hate U Give
263115,Logan
244786,Whiplash
440161,The Sisters Brothers
210577,Gone Girl
361292,Suspiria
466411,Speed Kills
537996,The Ballad of Buster Scruggs
455207,Crazy Rich Asians
407436,Mowgli: Legend of the Jungle
205596,The Imitation Game
359940,Three Billboards Outside Ebbing, Missouri
520360,King of Thieves
242582,Nightcrawler
500475,SuperFly
474354,22 July
452832,Serenity
516716,Milly & Mamet
440472,The Upside
446101,Assassination Nation
399055,The Shape of Water
150540,Inside Out
569547,Black Mirror: Bandersnatch
454227,Outlaw King
286217,The Martian
281957,The Revenant
492616,Luce
473019,The Souvenir
489930,Blindspotting
334543,Lion
398818,Call Me by Your Name
312221,Creed
345934,Air Strike
168259,Furious 7
565307,Clemency
119450,Dawn of the Planet of the Apes
514586,Photograph
228150,Fury
522039,The Last Black Man in San Francisco
484297,Abe
524348,The Report
554733,Orang Kaya Baru
261470,Sorry If I Call You Love
281338,War for the Planet of the Apes
468362,The Angel
460071,Lizzie
391713,Lady Bird
565311,Imaginary Order
150689,Cinderella
216015,Fifty Shades of Grey
472451,Boy Erased
483353,The Wolf Hour
401847,Can You Ever Forgive Me?
438145,Black '47
429203,The Old Man & the Gun
374720,Dunkirk
329865,Arrival
458737,First Reformed
465914,If Beale Street Could Talk
313369,La La Land
455980,Tag
535308,Hala
491622,Manikarnika
315837,Ghost in the Shell
406997,Wonder
457136,Mary Queen of Scots
542044,Day and Night
324786,Hacksaw Ridge
451925,Time Freak
419743,Disobedience
432301,Chappaquiddick
254128,San Andreas
449176,Love, Simon
486947,The Guilty
506554,Judy and Punch
311291,45 Years
332567,The Shallows
417261,Forever My Girl
194662,Birdman
429351,12 Strong
429415,Extinction
565341,The Sound of Silence
395990,Death Wish
573653,Sheena667
196867,Annie
500919,211
503346,Occupation
49017,Dracula Untold
340674,Dark Crimes
448776,A Prayer Before Dawn
565377,Mope
400579,Tully
489931,American Animals
573738,A Political Movie
513340,Animals
278927,The Jungle Book
412862,Ratsasan
464502,Acrimony
395841,Hold the Dark
264660,Ex Machina
402298,Denial
381284,Hidden Figures
154400,The Drop
273481,Sicario
536413,Junpei, Think Again
392044,Murder on the Orient Express
222935,The Fault in Our Stars
335797,Sing
302946,The Accountant
399404,Darkest Hour
440298,Cold War
295011,Patient Zero
400617,Phantom Thread
489927,The Kindergarten Teacher
385332,Terminal
570910,Thackeray
400928,Gifted
372058,Your Name.
273248,The Hateful Eight
433498,Papillon
429417,Ghost Stories
462919,Sierra Burgess Is a Loser
147441,Exodus: Gods and Kings
339103,Gotti
396371,Molly's Game
120467,The Grand Budapest Hotel
205587,The Judge
399905,Female War: A Nasty Deal
565593,Dolce Fine Giornata
395834,Wind River
53182,300: Rise of an Empire
124905,Godzilla
390874,Ashes in the Snow
384680,Hostiles
530442,My Teacher, My Obsession
283366,Miss Peregrine's Home for Peculiar Children
254320,The Lobster
419831,I Kill Giants
389015,I, Tonya
489925,Eighth Grade
472734,Dumplin'
446354,The Post
504592,Divine Love
169917,A Walk Among the Tombstones
481117,The Brawler
496328,Sanju
419407,Astral
572680,Irupathiyonnaam Noottaandu
346672,Underworld: Blood Wars
502682,Book Club
341174,Fifty Shades Darker
381283,mother!
339877,Loving Vincent
393624,Official Secrets
470894,At First Light
414191,Our House
470229,Summer of 84
398181,You Were Never Really Here
274857,King Arthur: Legend of the Sword
483184,Dogman
523172,Late Night
454652,Colette
401905,Fahrenheit 451
346685,The Girl on the Train
296096,Me Before You
318846,The Big Short
201088,Blackhat
301337,Downsizing
220882,London Fields
491418,Instant Family
171274,Inherent Vice
565373,Koko-di Koko-da
510355,Share
517814,Capernaum
307081,Southpaw
418827,Sister's Younger Husband
513111,To the Stars
443009,Don't Worry, He Won't Get Far on Foot
487670,The Death of Superman
459910,Braven
314365,Spotlight
334533,Captain Fantastic
419478,Midnight Sun
290595,The Huntsman: Winter's War
395992,Life
241554,Run All Night
369885,Allied
436931,Pokémon the Movie: I Choose You!
274479,Joy
443463,Leave No Trace
370663,Below Her Mouth
274870,Passengers
293863,The Age of Adaline
376867,Moonlight
565340,Ms. Purple
553622,Ai Uta: Yakusoku no Nakuhito
333371,10 Cloverfield Lane
470878,I Can Only Imagine
425972,Cargo
290512,The Mountain Between Us
363676,Sully
449924,Ip Man 4
395991,Only the Brave
353326,The Man Who Knew Infinity
300671,13 Hours: The Secret Soldiers of Benghazi
437586,Mid90s
361751,Murder, She Baked: A Plum Pudding Murder Mystery
244761,The Captive
401545,Everybody Knows
365942,The Space Between Us
137094,Jack Ryan: Shadow Recruit
399057,The Killing of a Sacred Deer
463858,The Freshmen
512263,Honey Boy
296524,Deepwater Horizon
554731,A Man Called Ahok
487476,Nothing to Hide
394117,The Florida Project
345920,Collateral Beauty
435577,The 12th Man
476292,Maquia: When the Promised Flower Blooms
396461,Under the Silver Lake
565389,The Sharks
334541,Manchester by the Sea
399170,Logan Lucky
381289,A Dog's Purpose
496274,The Thinning: New World Order
296098,Bridge of Spies
207932,Inferno
493900,303
379149,The Foreigner
433683,History of the First Kazakh Khans. The Diamond Sword
385448,The Little Mermaid
414919,Hart Beat
382591,Two Is a Family
265208,Wild Card
338766,Hell or High Water
406990,What Happened to Monday
266856,The Theory of Everything
553833,The Relative Worlds
339692,Shot Caller
500852,Miss Bala
426613,The Miseducation of Cameron Post
472715,The Last Man
564359,Fuck You! It's Christmas, Bitches!
385360,Billionaire Boys Club
475132,A Private War
192102,3 Days to Kill
493551,Operation Finale
310307,The Founder
489929,Destination Wedding
369523,The Tale
554600,Uri: The Surgical Strike
205775,In the Heart of the Sea
416477,The Big Sick
555795,This Is Not Berlin
371638,The Disaster Artist
343674,Gerald's Game
283601,Galveston
472454,Ayla: The Daughter of War
429195,Dark River
537751,Gosnell: The Trial of America's Biggest Serial Killer
407448,Detroit
287424,Maggie
378064,A Silent Voice
388399,Patriots Day
314095,The Lost City of Z
403119,47 Meters Down
572944,Suburban Daydream
474764,The Lodge
446791,All the Money in the World
533992,When Angels Sleep
340666,Nocturnal Animals
453201,The 15:17 to Paris
85350,Boyhood
564457,Verdi: Macbeth
97370,Under the Skin
227156,The Giver
511785,Alex Strangelove
416051,Based on a True Story
86834,Noah
505192,Shoplifters
264644,Room
530154,Lust Stories
467952,The Catcher Was a Spy
339967,Colossal
491472,At Eternity's Gate
451877,I Think We're Alone Now
572869,Well Done
302156,Criminal
380111,Flight Crew
372343,The Snowman
413362,Roman J. Israel, Esq.
320007,Victoria
399019,The Beguiled
458344,Juliet, Naked
397722,Thoroughbreds
393457,Fences
566100,Keluarga Cemara
339988,The Circle
512199,Native Son
277216,Straight Outta Compton
400710,Flatliners
339380,On the Basis of Sex
261023,Black Mass
241239,A Most Violent Year
290098,The Handmaiden
242224,The Babadook
553882,An Acceptable Loss
351044,Welcome to Marwen
365222,Ip Man 3
508763,A Dog's Way Home
