450465,Glass
483906,Polar
424694,Bohemian Rhapsody
401469,Widows
480530,Creed II
332562,A Star Is Born
504172,The Mule
433249,IO
369972,First Man
505954,Т-34
401847,Can You Ever Forgive Me?
337167,Fifty Shades Freed
375262,The Favourite
465914,If Beale Street Could Talk
452832,Serenity
405774,Bird Box
429197,Vice
484247,A Simple Favor
490132,Green Book
487558,BlacKkKlansman
489999,Searching
440626,Собибор
399360,Alpha
157336,Interstellar
426426,Roma
361292,Suspiria
263115,Logan
315635,Spider-Man: Homecoming
414919,Hart Beat
210577,Gone Girl
451915,Beautiful Boy
447332,A Quiet Place
568709,Preman Pensiun
446021,Bad Times at the El Royale
458594,Peppermint
169917,A Walk Among the Tombstones
466411,Speed Kills
241554,Run All Night
407436,Mowgli: Legend of the Jungle
443055,Love of My Life
307081,Southpaw
286217,The Martian
400535,Sicario: Day of the Soldado
520360,King of Thieves
516716,Milly & Mamet
470044,The Hate U Give
537996,The Ballad of Buster Scruggs
340613,The Wife
205596,The Imitation Game
500852,Miss Bala
401545,Todos lo saben
281957,The Revenant
194662,Birdman
462391,ஆண் தேவதை
455207,Crazy Rich Asians
150540,Inside Out
511404,Les Estivants
485164,Pearl
491472,At Eternity's Gate
244786,Whiplash
316029,The Greatest Showman
399055,The Shape of Water
398173,The House That Jack Built
475132,A Private War
489930,Blindspotting
381284,Hidden Figures
514933,Русский Бес
458737,First Reformed
440472,The Upside
254128,San Andreas
419743,Disobedience
150689,Cinderella
532869,NGK
438808,White Boy Rick
119450,Dawn of the Planet of the Apes
542424,Ulysse & Mona
329865,Arrival
228150,Fury
518731,L'amour debout
455980,Tag
565391,The Tomorrow Man
273481,Sicario
273248,The Hateful Eight
313369,La La Land
395841,Hold the Dark
168259,Furious 7
438145,Black '47
457136,Mary Queen of Scots
374720,Dunkirk
417261,Forever My Girl
312221,Creed
448776,A Prayer Before Dawn
484638,L'Intervention
500919,211
120467,The Grand Budapest Hotel
395990,Death Wish
242582,Nightcrawler
440298,Zimna wojna
346672,Underworld: Blood Wars
491584,버닝
398818,Call Me by Your Name
433498,Papillon
264660,Ex Machina
334543,Lion
446101,Assassination Nation
281338,War for the Planet of the Apes
571419,Спасти Ленинград
572667,Terlalu Tampan
359940,Three Billboards Outside Ebbing, Missouri
406997,Wonder
335797,Sing
462919,Sierra Burgess Is a Loser
476667,Les Éléphants Perdus
468362,The Angel
484436,Ánimas
451925,Time Freak
464502,Acrimony
530442,My Teacher, My Obsession
339103,Gotti
425972,Cargo
324786,Hacksaw Ridge
449459,The Vanishing
566100,Keluarga Cemara
49017,Dracula Untold
392044,Murder on the Orient Express
569547,Black Mirror: Bandersnatch
507076,Climax
575337,Symphony No. 9
401905,Fahrenheit 451
455108,The Little Stranger
574467,The Warden
472451,Boy Erased
274857,King Arthur: Legend of the Sword
440161,The Sisters Brothers
293768,Kidnap
474354,22 July
372058,君の名は。
399170,Logan Lucky
154400,The Drop
460071,Lizzie
489931,American Animals
216015,Fifty Shades of Grey
454227,Outlaw King
500475,SuperFly
400579,Tully
399404,Darkest Hour
395834,Wind River
398181,You Were Never Really Here
467952,The Catcher Was a Spy
375785,Then Came You
391713,Lady Bird
265208,Wild Card
546765,雪の華
318846,The Big Short
278927,The Jungle Book
449176,Love, Simon
379149,The Foreigner
290595,The Huntsman: Winter's War
396371,Molly's Game
533148,Ek Ladki Ko Dekha Toh Aisa Laga
283366,Miss Peregrine's Home for Peculiar Children
222935,The Fault in Our Stars
476292,さよならの朝に約束の花をかざろう
486947,Den skyldige
429415,Extinction
453201,The 15:17 to Paris
389015,I, Tonya
429351,12 Strong
446354,The Post
315837,Ghost in the Shell
449924,葉問4
429417,Ghost Stories
333371,10 Cloverfield Lane
433288,1%
487670,The Death of Superman
406990,What Happened to Monday
261470,Perdona si te llamo amor
459910,Braven
515916,Girl
339692,Shot Caller
395992,Life
399905,여자전쟁: 비열한 거래
566512,Crucible of the Vampire
414191,Our House
300671,13 Hours: The Secret Soldiers of Benghazi
370663,Below Her Mouth
341174,Fifty Shades Darker
390062,Jungle
381283,mother!
503346,Occupation
454652,Colette
53182,300: Rise of an Empire
557648,Rent
554731,A Man Called Ahok
385332,Terminal
220882,London Fields
400617,Phantom Thread
419478,Midnight Sun
438650,Cold Pursuit
536176,Brexit: The Uncivil War
147441,Exodus: Gods and Kings
465136,Every Day
419831,I Kill Giants
505192,万引き家族
472734,Dumplin'
376867,Moonlight
124905,Godzilla
432301,Chappaquiddick
443463,Leave No Trace
483184,Dogman
302946,The Accountant
384680,Hostiles
314365,Spotlight
399057,The Killing of a Sacred Deer
171274,Inherent Vice
502682,Book Club
470229,Summer of 84
345920,Collateral Beauty
470894,At First Light
418827,젊은 형부
396461,Under the Silver Lake
346685,The Girl on the Train
446791,All the Money in the World
536413,純平、考え直せ
500869,Viper Club
491622,iमणिकर्णिका
253412,Everest
426613,The Miseducation of Cameron Post
385360,Billionaire Boys Club
416477,The Big Sick
254320,The Lobster
333696,Nackt unter Wölfen
137094,Jack Ryan: Shadow Recruit
201088,Blackhat
353326,The Man Who Knew Infinity
340666,Nocturnal Animals
433683,Қазақ хандығы. Алмас қылыш
266856,The Theory of Everything
577314,Darkhoongah
577312,Gold Carrier
296524,Deepwater Horizon
381289,A Dog's Purpose
559770,twelves.
332567,The Shallows
295011,Patient Zero
481117,The Brawler
196867,Annie
296096,Me Before You
525946,Troop Zero
489929,Destination Wedding
429203,The Old Man & the Gun
445954,Acts of Vengeance
207932,Inferno
493551,Operation Finale
302401,Snowden
390874,Ashes in the Snow
508763,A Dog's Way Home
393624,Official Secrets
290098,아가씨
293863,The Age of Adaline
340674,Dark Crimes
301337,Downsizing
394117,The Florida Project
241239,A Most Violent Year
296098,Bridge of Spies
403119,47 Meters Down
343674,Gerald's Game
437586,Mid90s
443009,Don't Worry, He Won't Get Far on Foot
274870,Passengers
365222,葉問3
372343,The Snowman
419835,Crooked House
365942,The Space Between Us
513340,Animals
395991,Only the Brave
570168,Unheimlich perfekte Freunde
369523,The Tale
451877,I Think We're Alone Now
504437,சர்வம் தாளமயம்
496274,The Thinning: New World Order
516630,The Standoff at Sparrow Creek
518452,Like Father
400928,Gifted
397837,Before I Fall
338766,Hell or High Water
363676,Sully
385448,The Little Mermaid
306819,The Danish Girl
454283,Action Point
446696,Life Itself
382591,Demain tout commence
440642,Время первых
527228,Shinaab, Part II
228205,The Longest Ride
491418,Instant Family
334533,Captain Fantastic
489925,Eighth Grade
517814,کفرناحوم
554733,Orang Kaya Baru
362826,Wildling
339988,The Circle
470878,I Can Only Imagine
429191,Una mujer fantástica
290512,The Mountain Between Us
136797,Need for Speed
397422,Rough Night
489927,The Kindergarten Teacher
310307,The Founder
86834,Noah
274479,Joy
378064,聲の形
308266,War Dogs
394741,Stan & Ollie
287495,Im Labyrinth des Schweigens
575185,Den gula jackan
199928,The Outsider
553882,An Acceptable Loss
469721,The Cured
239571,The Best of Me
244761,The Captive
530081,The Man Who Killed Hitler and Then the Bigfoot
400710,Flatliners
433627,7 Days in Entebbe
205775,In the Heart of the Sea
533992,Cuando los ángeles duermen
417678,Everything, Everything
205587,The Judge
426249,Lords of Chaos
338768,Please Stand By
425336,Loving Pablo
424651,Untogether
353070,Going in Style
513223,Perdida
511785,Alex Strangelove
421471,Flower
376660,The Edge of Seventeen
321697,Steve Jobs
157353,Transcendence
192102,3 Days to Kill
269795,2:22
407445,Breathe
429200,Good Time
496328,संजू
180863,T2 Trainspotting
433356,The Ottoman Lieutenant
256591,Focus
480572,Bullet Head
318781,Colonia
289222,The Zookeeper's Wife
